{
  "project_info": {
    "project_number": "1012876500432",
    "firebase_url": "https://hitung-persegi-panjang-c9938-default-rtdb.asia-southeast1.firebasedatabase.app",
    "project_id": "hitung-persegi-panjang-c9938",
    "storage_bucket": "hitung-persegi-panjang-c9938.appspot.com"
  },
  "client": [
    {
      "client_info": {
        "mobilesdk_app_id": "1:1012876500432:android:c50dc02fc0b8f919f96dd5",
        "android_client_info": {
          "package_name": "org.d3if4077.hitungpersegipanjang"
        }
      },
      "oauth_client": [
        {
          "client_id": "1012876500432-4hge4aq1etr4e3t1p1sd2crnjr1qnq16.apps.googleusercontent.com",
          "client_type": 3
        }
      ],
      "api_key": [
        {
          "current_key": "AIzaSyC6a3U2_LCKcLoTVvmhfT3UuLIVXwR02ug"
        }
      ],
      "services": {
        "appinvite_service": {
          "other_platform_oauth_client": [
            {
              "client_id": "1012876500432-4hge4aq1etr4e3t1p1sd2crnjr1qnq16.apps.googleusercontent.com",
              "client_type": 3
            }
          ]
        }
      }
    }
  ],
  "configuration_version": "1"
}